<?xml version="1.0" encoding="utf-8"?>
<LeftMenu>
	<Option>
		<Name>Casio</Name>
		<Link>products.php?type=Casio</Link>
	</Option>
	<Option>
		<Name>Rolex</Name>
		<Link>products.php?type=Rolex</Link>
	</Option>
	<Option>
		<Name>Omega</Name>
		<Link>products.php?type=Omega</Link>
	</Option>
	<Option>
		<Name>Longines</Name>
		<Link>products.php?type=Longines</Link>
	</Option>
	<Option>
		<Name>Citizens</Name>
		<Link>products.php?type=Citizens</Link>
	</Option>
	<Option>
		<Name>Epos Swiss</Name>
		<Link>products.php?type=Epos Swiss</Link>
	</Option>
</LeftMenu>