<?xml version="1.0" encoding="UTF-8"?>
<project-private xmlns="http://www.netbeans.org/ns/project-private/1">
    <editor-bookmarks xmlns="http://www.netbeans.org/ns/editor-bookmarks/2" lastBookmarkId="0"/>
    <open-files xmlns="http://www.netbeans.org/ns/projectui-open-files/2">
        <group>
            <file>file:/C:/wamp/www/ecommerce/styles/products.css</file>
            <file>file:/C:/wamp/www/ecommerce/styles/login.css</file>
            <file>file:/C:/wamp/www/ecommerce/data/configure.php</file>
            <file>file:/C:/wamp/www/ecommerce/styles/contact.css</file>
            <file>file:/C:/wamp/www/ecommerce/ultility/productultilities.php</file>
            <file>file:/C:/wamp/www/ecommerce/ultility/userultilities.php</file>
            <file>file:/C:/wamp/www/ecommerce/search.php</file>
            <file>file:/C:/wamp/www/ecommerce/data/dbconnect.php</file>
            <file>file:/C:/wamp/www/ecommerce/logout.php</file>
            <file>file:/C:/wamp/www/ecommerce/admincontrol.php</file>
            <file>file:/C:/wamp/www/ecommerce/usercontrolGuest.php</file>
            <file>file:/C:/wamp/www/ecommerce/contact.php</file>
            <file>file:/C:/wamp/www/ecommerce/.gitattributes</file>
            <file>file:/C:/wamp/www/ecommerce/styles/watches.css</file>
            <file>file:/C:/wamp/www/ecommerce/userdetails.php</file>
            <file>file:/C:/wamp/www/ecommerce/guestcart.php</file>
            <file>file:/C:/wamp/www/ecommerce/styles/site.css</file>
            <file>file:/C:/wamp/www/ecommerce/styles/guestcart.css</file>
            <file>file:/C:/wamp/www/ecommerce/Templates/leftmenu.php</file>
            <file>file:/C:/wamp/www/ecommerce/products.php</file>
            <file>file:/C:/wamp/www/ecommerce/usersmanager.php</file>
            <file>file:/C:/wamp/www/ecommerce/watches.php</file>
            <file>file:/C:/wamp/www/ecommerce/ultility/orderultilities.php</file>
            <file>file:/C:/wamp/www/ecommerce/ordersmanager.php</file>
            <file>file:/C:/wamp/www/ecommerce/404.php</file>
            <file>file:/C:/wamp/www/ecommerce/styles/usercontrolGuest.css</file>
            <file>file:/C:/wamp/www/ecommerce/Templates/topmenu.php</file>
            <file>file:/C:/wamp/www/ecommerce/index.php</file>
            <file>file:/C:/wamp/www/ecommerce/productsmanager.php</file>
            <file>file:/C:/wamp/www/ecommerce/login.php</file>
            <file>file:/C:/wamp/www/ecommerce/register.php</file>
            <file>file:/C:/wamp/www/ecommerce/styles/register.css</file>
            <file>file:/C:/wamp/www/ecommerce/orderdetails.php</file>
            <file>file:/C:/wamp/www/ecommerce/Templates/footer.php</file>
            <file>file:/C:/wamp/www/ecommerce/javascript.js</file>
        </group>
    </open-files>
</project-private>
